{"loss": [4.566152095794678, 4.5148701667785645, 4.515109062194824, 4.502924919128418, 4.515866756439209, 4.515845775604248, 4.5019450187683105, 4.507847785949707, 4.511715888977051, 4.508642196655273, 4.4943647384643555, 4.507803440093994, 4.494913578033447, 4.508626937866211, 4.511194229125977, 4.501018524169922, 4.495535373687744, 4.514444351196289, 4.496981620788574, 4.499597072601318, 4.501781940460205, 4.508951187133789, 4.504660129547119, 4.49168062210083, 4.496732234954834, 4.500376224517822, 4.492557048797607, 4.500477313995361, 4.488752365112305, 4.485011100769043, 4.491724014282227, 4.4924211502075195, 4.485210418701172, 4.488955020904541, 4.4947943687438965, 4.499364852905273, 4.503754138946533, 4.503739833831787, 4.488758087158203, 4.49182653427124, 4.499057292938232, 4.473385810852051, 4.490949630737305, 4.4894514083862305, 4.488471508026123, 4.496201992034912, 4.496078014373779, 4.495776176452637, 4.4918060302734375, 4.4840497970581055, 4.4773850440979, 4.4773478507995605, 4.498847484588623, 4.499493598937988, 4.484964370727539, 4.486660003662109, 4.489572525024414, 4.464479446411133, 4.480024337768555, 4.48681640625], "accuracy": [0.027187500149011612, 0.031562499701976776, 0.02968749962747097, 0.03375000134110451, 0.02500000037252903, 0.029062500223517418, 0.03281249850988388, 0.025624999776482582, 0.032499998807907104, 0.030625000596046448, 0.029062500223517418, 0.024687500670552254, 0.028750000521540642, 0.025312500074505806, 0.03218749910593033, 0.03187499940395355, 0.03312499821186066, 0.028750000521540642, 0.02656250074505806, 0.02812499925494194, 0.029062500223517418, 0.02500000037252903, 0.029999999329447746, 0.028750000521540642, 0.03125, 0.025937499478459358, 0.034062501043081284, 0.030937500298023224, 0.032499998807907104, 0.032499998807907104, 0.028750000521540642, 0.027187500149011612, 0.027499999850988388, 0.027187500149011612, 0.030625000596046448, 0.03187499940395355, 0.025312500074505806, 0.02812499925494194, 0.034062501043081284, 0.03187499940395355, 0.03187499940395355, 0.03343750163912773, 0.027187500149011612, 0.03187499940395355, 0.03031250089406967, 0.030937500298023224, 0.028750000521540642, 0.028437500819563866, 0.03125, 0.03343750163912773, 0.022812500596046448, 0.03218749910593033, 0.028437500819563866, 0.02812499925494194, 0.031562499701976776, 0.027499999850988388, 0.030937500298023224, 0.030937500298023224, 0.025312500074505806, 0.031562499701976776], "val_loss": [4.541168689727783, 4.525296211242676, 4.523313045501709, 4.504324913024902, 4.5501298904418945, 4.548729419708252, 4.507596969604492, 4.542799472808838, 4.518877029418945, 4.526504039764404, 4.5302581787109375, 4.5303263664245605, 4.556403636932373, 4.5152387619018555, 4.503214359283447, 4.5111775398254395, 4.513467788696289, 4.513740539550781, 4.544241428375244, 4.517610549926758, 4.53768253326416, 4.528518199920654, 4.533514022827148, 4.521615982055664, 4.546838760375977, 4.519230365753174, 4.5302734375, 4.535667896270752, 4.603789806365967, 4.540577411651611, 4.522015571594238, 4.531591415405273, 4.563924312591553, 4.539384841918945, 4.618133068084717, 4.5437541007995605, 4.5331339836120605, 4.6095290184021, 4.609117031097412, 4.558008670806885, 4.56378173828125, 4.53734827041626, 4.572116851806641, 4.572803020477295, 4.624974250793457, 4.5621867179870605, 4.549267292022705, 4.551845550537109, 4.602926731109619, 4.525838851928711, 4.608587741851807, 4.590263843536377, 4.567519187927246, 4.565621376037598, 4.535333156585693, 4.580008506774902, 4.596889495849609, 4.625994682312012, 4.5542120933532715, 4.594250202178955], "val_accuracy": [0.03187499940395355, 0.02500000037252903, 0.028750000521540642, 0.03437500074505806, 0.028750000521540642, 0.032499998807907104, 0.03375000134110451, 0.03312499821186066, 0.03375000134110451, 0.036249998956918716, 0.02437499910593033, 0.03125, 0.021250000223517418, 0.04062499850988388, 0.03187499940395355, 0.029999999329447746, 0.036249998956918716, 0.03999999910593033, 0.035624999552965164, 0.029374999925494194, 0.029374999925494194, 0.03500000014901161, 0.03375000134110451, 0.03125, 0.028750000521540642, 0.03437500074505806, 0.02812499925494194, 0.032499998807907104, 0.032499998807907104, 0.030625000596046448, 0.036249998956918716, 0.03500000014901161, 0.03125, 0.03312499821186066, 0.03500000014901161, 0.032499998807907104, 0.02437499910593033, 0.036249998956918716, 0.03375000134110451, 0.03312499821186066, 0.035624999552965164, 0.03312499821186066, 0.03187499940395355, 0.04625000059604645, 0.03437500074505806, 0.035624999552965164, 0.03500000014901161, 0.036249998956918716, 0.03437500074505806, 0.029999999329447746, 0.039374999701976776, 0.035624999552965164, 0.02437499910593033, 0.030625000596046448, 0.030625000596046448, 0.029374999925494194, 0.026875000447034836, 0.023749999701976776, 0.03687499836087227, 0.03312499821186066]}